<?xml version="1.0"?>
<data grt_format="2.0">
  <value _ptr_="000000001D950030" type="list" content-type="object" content-struct-name="db.mgmt.ServerInstance">
    <value type="object" struct-name="db.mgmt.ServerInstance" id="{D7646AB8-A19C-47D4-B76A-BFA68813E2B8}" struct-checksum="0x367436e2">
      <link type="object" struct-name="db.mgmt.Connection" key="connection">{8421F0F0-EBFA-497B-8859-7AAA6D4F0510}</link>
      <value _ptr_="0000000024A72550" type="dict" key="loginInfo">
        <value type="string" key="ssh.port">22</value>
        <value type="int" key="ssh.useKey">0</value>
        <value type="string" key="wmi.hostName">127.0.0.1</value>
        <value type="string" key="wmi.userName"></value>
      </value>
      <value _ptr_="0000000024A778E0" type="dict" key="serverInfo">
        <value type="string" key="basedir">C:\Program Files (x86)\MySQL\MySQL Server 5.7\</value>
        <value type="string" key="datadir">C:\ProgramData\MySQL\MySQL Server 5.7\Data\</value>
        <value type="string" key="detected_os_name">Windows 10 Home</value>
        <value type="string" key="detected_os_type">windows</value>
        <value type="string" key="detected_os_variant">Windows</value>
        <value type="string" key="detected_os_version">Microsoft Windows [Version 10.0.14393]</value>
        <value type="string" key="errorLogFilePath">THEBETA.err</value>
        <value type="string" key="generalLogFilePath">THEBETA.log</value>
        <value type="string" key="serverVersion">5.7.12-log</value>
        <value type="int" key="setupPending">0</value>
        <value type="int" key="slowLogEnabled">1</value>
        <value type="string" key="slowLogFilePath">THEBETA-slow.log</value>
        <value type="string" key="sys.config.path">C:\ProgramData\MySQL\MySQL Server 5.7\my.ini</value>
        <value type="string" key="sys.config.section">mysqld</value>
        <value type="string" key="sys.mysqld.service_name">MySQL57</value>
        <value type="string" key="sys.mysqld.start"></value>
        <value type="string" key="sys.mysqld.stop"></value>
        <value type="string" key="sys.preset">Custom</value>
        <value type="string" key="sys.sudo"></value>
        <value type="string" key="sys.system">Windows</value>
        <value type="int" key="sys.usesudo">1</value>
        <value type="int" key="sys.usesudostatus">0</value>
        <value type="int" key="windowsAdmin">1</value>
      </value>
      <value type="string" key="name"> instance</value>
    </value>
    <value type="object" struct-name="db.mgmt.ServerInstance" id="{7B5A3473-F356-4A81-9F24-3CEA9E082745}" struct-checksum="0x367436e2">
      <link type="object" struct-name="db.mgmt.Connection" key="connection">{8421F0F0-EBFA-497B-8859-7AAA6D4F0510}</link>
      <value _ptr_="0000000024A77C60" type="dict" key="loginInfo">
        <value type="string" key="ssh.hostName"></value>
        <value type="string" key="ssh.key">C:\Users\infer\AppData\Roaming/.ssh/ssh_private_key</value>
        <value type="string" key="ssh.localPort">3306</value>
        <value type="int" key="ssh.useKey">0</value>
        <value type="string" key="ssh.userName">mysql</value>
      </value>
      <value _ptr_="0000000024A77CD0" type="dict" key="serverInfo">
        <value type="string" key="serverVersion">5.0</value>
        <value type="int" key="setupPending">1</value>
        <value type="string" key="sys.config.path">%ProgramFiles%\MySQL\MySQL Server 5.0\my.ini</value>
        <value type="string" key="sys.config.section">mysqld</value>
        <value type="string" key="sys.mysqld.service_name">MySQL</value>
        <value type="string" key="sys.mysqld.start">sc start mysql</value>
        <value type="string" key="sys.mysqld.stop">sc stop mysql</value>
        <value type="string" key="sys.system">Windows</value>
        <value type="int" key="sys.usesudo">1</value>
        <value type="int" key="windowsAdmin">1</value>
      </value>
      <value type="string" key="name">WebTools</value>
    </value>
    <value type="object" struct-name="db.mgmt.ServerInstance" id="{05E7C567-017B-4B89-825D-9662AF374D8E}" struct-checksum="0x367436e2">
      <link type="object" struct-name="db.mgmt.Connection" key="connection">{2FA5A36C-474B-4FC6-81B0-AC5412826FF4}</link>
      <value _ptr_="0000000024A77E20" type="dict" key="loginInfo">
        <value type="string" key="ssh.hostName"></value>
        <value type="string" key="ssh.key">C:\Users\infer\AppData\Roaming/.ssh/ssh_private_key</value>
        <value type="string" key="ssh.localPort">3306</value>
        <value type="int" key="ssh.useKey">0</value>
        <value type="string" key="ssh.userName">mysql</value>
      </value>
      <value _ptr_="0000000024A77E90" type="dict" key="serverInfo">
        <value type="string" key="basedir">C:\Program Files (x86)\MySQL\MySQL Server 5.7\</value>
        <value type="string" key="datadir">C:\ProgramData\MySQL\MySQL Server 5.7\Data\</value>
        <value type="string" key="detected_os_name">Windows 10 Home</value>
        <value type="string" key="detected_os_type">windows</value>
        <value type="string" key="detected_os_variant">Windows</value>
        <value type="string" key="detected_os_version">Microsoft Windows [Version 10.0.10586]</value>
        <value type="string" key="errorLogFilePath">THEBETA.err</value>
        <value type="string" key="generalLogFilePath">THEBETA.log</value>
        <value type="string" key="serverVersion">5.7.12-log</value>
        <value type="int" key="setupPending">1</value>
        <value type="int" key="slowLogEnabled">1</value>
        <value type="string" key="slowLogFilePath">THEBETA-slow.log</value>
        <value type="string" key="sys.config.path">%ProgramFiles%\MySQL\MySQL Server 5.0\my.ini</value>
        <value type="string" key="sys.config.section">mysqld</value>
        <value type="string" key="sys.mysqld.service_name">MySQL</value>
        <value type="string" key="sys.mysqld.start">sc start mysql</value>
        <value type="string" key="sys.mysqld.stop">sc stop mysql</value>
        <value type="string" key="sys.system">Windows</value>
        <value type="int" key="sys.usesudo">1</value>
        <value type="int" key="sys.usesudostatus">0</value>
        <value type="int" key="windowsAdmin">1</value>
      </value>
      <value type="string" key="name">RDBMS</value>
    </value>
    <value type="object" struct-name="db.mgmt.ServerInstance" id="{09C0F650-D992-4398-885B-CAD0A691BE9E}" struct-checksum="0x367436e2">
      <value _ptr_="0000000024A78980" type="dict" key="loginInfo">
        <value type="string" key="ssh.hostName"></value>
        <value type="string" key="ssh.key">C:\Users\infer\AppData\Roaming/.ssh/ssh_private_key</value>
        <value type="string" key="ssh.localPort">3306</value>
        <value type="int" key="ssh.useKey">0</value>
        <value type="string" key="ssh.userName">mysql</value>
      </value>
      <value _ptr_="0000000024A77F00" type="dict" key="serverInfo">
        <value type="string" key="serverVersion">5.7</value>
        <value type="int" key="setupPending">1</value>
        <value type="string" key="sys.config.path">%ProgramData%\MySQL\MySQL Server 5.7\my.ini</value>
        <value type="string" key="sys.config.section">mysqld</value>
        <value type="string" key="sys.mysqld.service_name">MySQL57</value>
        <value type="string" key="sys.mysqld.start">sc start mysql</value>
        <value type="string" key="sys.mysqld.stop">sc stop mysql</value>
        <value type="string" key="sys.system">Windows</value>
        <value type="int" key="sys.usesudo">1</value>
        <value type="int" key="windowsAdmin">1</value>
      </value>
      <value type="string" key="name"></value>
    </value>
  </value>
</data>
